id,c_code,s_code,question,answer
246,A00200,A00204,"책임보험은 해지할 수 없다던데, 절대로 해지가 안되나요?","[요약설명]
가입자가 임의로 자동차책임보험에 대해 해지할 수는 없으나, 차량의 양도, 말소, 의무보험 중복가입 등 법에서 정한 일부 경우에 해당하는 때에만 해지할 수 있습니다.
[상세내용]
아래의 1개 항목에 해당하면 자동차 책임보험에 대해서도 해지할 수 있습니다.
1. 피보험자동차가 자동차손해배상보장법 제5조 제4항에 정한 자동차(의무보험 가입대상에서 제외되거나 도로가 아닌 장소에 한하여 운행하는 자동차)로 변경된 경우
2. 피보험자동차를 양도한 경우. 다만, 제48조(피보험자동차의 양도) 또는 제49조(피보험자동차의 교체)에 따라 보험계약이 양수인 또는 교체된 자동차에 승계된 경우에는 의무보험에 대한 보험계약을 해지할 수 없습니다.
3. 피보험자동차의 말소등록으로 운행을 중지한 경우. 다만, 제49조 (피보험자동차의 교체)에 따라 보험계약이 교체된 자동차에 승계된 경우에는 의무보험에 대한 보험계약을 해지할 수 없습니다.
4. 천재지변, 교통사고, 화재, 도난 등의 사유로 인하여 피보험자동차를 더 이상 운행할 수 없게 된 경우. 다만, 제49조(피보험자동차의 교체)에 따라 보험계약이 교체된 자동차에 승계된 경우에는 의무보험에 대한 보험계약을 해지할 수 없습니다.
5. 이 보험계약을 맺은 후에 피보험자동차에 대하여 이 보험계약과 보험기간의 일부 또는 전부가 중복되는 의무보험이 포함된다른 보험계약(공제계약을 포함)을 맺은 경우
6. 보험회사가 파산선고를 받은 경우
7. 자동차손해배상보장법 제5조의2에서 정하는 ‘보험 등의 가입의무 면제’ 사유에 해당하는 경우
8. 자동차해체재활용업자가 해당 자동차. 자동차등록증. 등록번호판 및 봉인을 인수하고 그 사실을 증명하는 서류를 발급한 경우,
9. 건설기계해체재활용업자가 해당 건설기계와 등록번호표를 인수하고 그 사실을 증명하는 서류를 발급한 경우"
247,A00200,A00204,"계약 해지 시 돌려받는 보험료가 일할계산, 단기요율계산에 따라 달라진다고 하는데 무슨 뜻인가요?","[요약설명]
일할계산은 보험료를 하루단위로 계산하는 것이며, 단기요율은 보험료를 하루단위가 아니라 1주 또는 1개월 등 단기 단위로 계산하는 방식입니다.
[상세설명]
보험계약자 또는 피보험자의 책임없는 사유로 계약이 해지되는 경우, 경과하지 않은 기간에 대하여 일단위로 계산한 보험료를 환급받을 수 있습니다.
보험계약자 또는 피보험자의 책임있는 사유(보험계약자의 사기, 계약 전 알릴의무 위반 등)로 해지되는 경우, 이미 경과한 기간에 대하여 단기요율(1년 미만 단기계약 체결시 적용하는 요율)로 계산한 보험료를 뺀 잔액을 환급받을 수 있는데, 이 경우에는 일단위로 계산하는 방식에 비해 환급보험료가 더 적을 수 있습니다."
248,A00200,A00204,피보험자가 사망했습니다. 자동차보험을 해지하려면 어떤 서류가 필요한가요?,"[요약설명]
상속인이 일정요건을 갖춰 신청하면 해지할 수 있습니다.
[상세설명]
사망 및 상속 관련서류를 보험회사에 제출하면 해지가 가능합니다.
가입한 보험회사 콜센터를 통해 서류 및 절차에 대해 안내받으신 후 처리하여 주시기 바랍니다."
253,A00200,A00203,자동차보험 가입중에 차량을 도난당했습니다. 해지를 해야하는지 어떻게 할지 모르겠네요?,"[요약설명]
자동차보험을 해지하고 잔여기간에 해당하는 보험료를 환급받으실 수 있습니다.

[상세설명]
보험계약자는 도난 등의 사유로 인하여 피보험자동차를 더 이상 운행할 수 없게 된 경우에는 의무보험이라 하더라도 해지할 수 있습니다. (임의보험의 경우 보험계약자는 언제든지 임의로 보험계약의 일부 또는 전부를 해지할 수 있습니다.)"
254,A00200,A00203,보험기간 중간에 운전자를 추가하고 싶은데 가능한가요?,"[요약설명]
가입한 보험회사 콜센터에 연락하면 처리하여 드립니다.
[상세설명]
가입하신 보험사에 통지하여 운전자 추가에 따른 운전자 한정특약의 변경(배서)처리를 하시면 됩니다. 다만, 이 경우 보험료 변동이 발생할 수 있으니 참고하시기 바랍니다."
255,A00200,A00203,마일리지 특약에 가입중인데 보험기간중에 차량을 변경할 경우는 어떻게 되나요?,"[요약설명]
새로 구입한 차량에 마일리지 특약을 승계시킬 수 있습니다.

[상세설명]
매매후 다른 차량을 구입하여 보험을 승계한 경우 일반적으로 보험사에서 정한 절차에 따라 마일리지 특약을 승계할 수 있습니다. 매매로 인해 자동차보험을 해지한 경우에는 일반적으로 마일리지 특약 가입기간이 3개월이상이면 주행거리에 따른 정산이 가능합니다."
256,A00200,A00203,자동차보험 의무보험만 가입중인데 추가로 다른 담보 가입이 가능한가요?,"[요약설명]
추가 가입이 가능하지만, 인수제한이 있을수 있습니다.

[상세설명]
추가 가입이 가능한 담보에는 대물배상(의무보험 초과부분), 대인배상Ⅱ, 자기신체사고, 자기차량손해, 무보험자동차에 의한 상해 담보, 기타 각종 특약 등이 있습니다. 다만, 사고이력이 있으신 경우 보험회사에 따라 특정 담보 및 금액에 대하여 인수를 거절할 수도 있으니, 개별 보험회사에 문의하시기 바랍니다."
257,A00200,A00203,계약전후 직업과 주소 그리고 자동차가 변경되었는데 어떻게 해야 하나요?,"[요약설명]
가입한 보험회사에 연락해서 변경내용을 알려주시기 바랍니다.

[상세설명]
가입하신 보험회사에 통지하여 계약내용 변경처리를 해야 합니다. 계약전후 변경사항으로 위험도가 증가했음에도 불구하고, 이를 통지하지 않았다면, 향후 사고발생시 보험금 지급이 제한될 수도 있습니다. 또한, 만약 변경된 연락처를 보험회사에 알리지 않을 경우 보험만기일 안내 등의 통보 등을 받지 못해 불이익을 받으실 수도 있습니다."
258,A00100,A00101,태풍으로 인한 차량피해를 입은 경우 보험처리가 되나요?,"[요약설명]
자기차량손해가 가입된 경우 보상이 가능할 수 있습니다.
[상세설명]
자기부담금은 통상 손해액의 20%(보험사에 따라 다른 비율을 적용 가능한 경우도 있음)를 부담합니다. 단, 상/하한액이 설정되어 있는데, 일반적으로 자기부담의 하한액은 물적할증 기준금액의 10%로 합니다(물적할증 기준금액 200만원이면 20만원/ 50만원이면 5만원). 단, 전손사고시에는 자기부담금이 발생하지 않습니다.
상/하한액 기준 등은 보험사별로 다를 수 있으니, 각 보험회사에 상세한 사항을 확인하시기 바랍니다."
258,A00200,A00201,태풍으로 인한 차량피해를 입은 경우 보험처리가 되나요?,"[요약설명]
자기차량손해가 가입된 경우 보상이 가능할 수 있습니다.
[상세설명]
자기부담금은 통상 손해액의 20%(보험사에 따라 다른 비율을 적용 가능한 경우도 있음)를 부담합니다. 단, 상/하한액이 설정되어 있는데, 일반적으로 자기부담의 하한액은 물적할증 기준금액의 10%로 합니다(물적할증 기준금액 200만원이면 20만원/ 50만원이면 5만원). 단, 전손사고시에는 자기부담금이 발생하지 않습니다.
상/하한액 기준 등은 보험사별로 다를 수 있으니, 각 보험회사에 상세한 사항을 확인하시기 바랍니다."
259,A00100,A00101,"생애 최초로 중고차를 구입하여 명의이전과 함께 자동차종합보험에 가입하고, 1회보험료를 납부한 다음 드라이브를 나섰다가 사고가 났습니다. 누군가 자동차보험은 가입한 날 밤 12시부터 보험이 적용된다던데 사실인가요?","[요약설명]
자동차보험에 처음 가입한 경우 보험료를 납입한 시점부터 보험회사의 책임이 개시됩니다.
[상세설명]
보험료를 납입한 이후 기본적으로 보험기간의 첫날 24시부터 효력이 발생하지만 자동차보험에 처음 가입하는 자동차 및 의무보험은 보험료를 받은 때부터 효력이 발생하며, 보험증권에 기재된 보험기간 이전에 보험료를 받았을 경우에는 그 보험기간의 첫날 0시부터 효력이 발생합니다.
* 자동차보험에 처음 가입하는 자동차’라 함은 자동차 판매업자 또는 그 밖의 양도인 등으로부터 매수인 또는 양수인에게 인도된 날부터 10일 이내에 처음으로 그 매수인 또는 양수인을 기명피보험자로 하는 자동차보험에 가입하는 신차 또는 중고차를 말합니다. 다만, 피보험자동차의 양도인이 맺은 보험계약을 양수인이 승계한 후 그 보험기간이 종료되어 이 보험계약을 맺은 경우를 제외합니다."
259,A00200,A00201,"생애 최초로 중고차를 구입하여 명의이전과 함께 자동차종합보험에 가입하고, 1회보험료를 납부한 다음 드라이브를 나섰다가 사고가 났습니다. 누군가 자동차보험은 가입한 날 밤 12시부터 보험이 적용된다던데 사실인가요?","[요약설명]
자동차보험에 처음 가입한 경우 보험료를 납입한 시점부터 보험회사의 책임이 개시됩니다.
[상세설명]
보험료를 납입한 이후 기본적으로 보험기간의 첫날 24시부터 효력이 발생하지만 자동차보험에 처음 가입하는 자동차 및 의무보험은 보험료를 받은 때부터 효력이 발생하며, 보험증권에 기재된 보험기간 이전에 보험료를 받았을 경우에는 그 보험기간의 첫날 0시부터 효력이 발생합니다.
* 자동차보험에 처음 가입하는 자동차’라 함은 자동차 판매업자 또는 그 밖의 양도인 등으로부터 매수인 또는 양수인에게 인도된 날부터 10일 이내에 처음으로 그 매수인 또는 양수인을 기명피보험자로 하는 자동차보험에 가입하는 신차 또는 중고차를 말합니다. 다만, 피보험자동차의 양도인이 맺은 보험계약을 양수인이 승계한 후 그 보험기간이 종료되어 이 보험계약을 맺은 경우를 제외합니다."
260,A00100,A00101,같은 보험회사에서도 전화나 인터넷 등 여러 경로로 보험가입이 가능할 것으로 알고있는데 어떤 가입경로가 있으며 보험료 차이가 나는지 또 보험료 차이에 따라 보상에서 차이가 발생하는지 궁금합니다.,"[요약설명]
가입경로별로 보험료 차이는 있지만 보험금 지급기준에 차이는 없습니다.

[상세설명]
자동차보험은 대면(설계사/대리점), 비대면(TM/CM)있으며, 각 채널별 수수료 차이 등으로 인해 보험료 차이는 발생하나, 보험금 지급기준에 차이는 없습니다."
260,A00200,A00201,같은 보험회사에서도 전화나 인터넷 등 여러 경로로 보험가입이 가능할 것으로 알고있는데 어떤 가입경로가 있으며 보험료 차이가 나는지 또 보험료 차이에 따라 보상에서 차이가 발생하는지 궁금합니다.,"[요약설명]
가입경로별로 보험료 차이는 있지만 보험금 지급기준에 차이는 없습니다.

[상세설명]
자동차보험은 대면(설계사/대리점), 비대면(TM/CM)있으며, 각 채널별 수수료 차이 등으로 인해 보험료 차이는 발생하나, 보험금 지급기준에 차이는 없습니다."
261,A00100,A00101,운전직 종사를 했거나 외국 보험가입 경력이 있는데 보험료 환급이 가능하가요?,"[요약설명]
운전직 및 외국의 보험가입경력 모두 보험가입 경력으로 인정됩니다.
[상세설명]
법인체 및 관공서에서 운전직으로 근무하거나 외국에서 보험가입경력이 있으면 자동차보험 가입경력으로 인정받을 수 있어서 보험가입시 가입경력요율에 혜택을 받을 수 있습니다. 가입시 인정받지 못한 경우, 보험기간 중에 증빙한다면 보험료를 환급받을 수 있습니다.
보험요율 혜택은 보험가입경력 기간별로 달라지는데, 인정받는 경력기간이 미인정시와 같은 혜택을 적용받는 구간이라면 보험료에 영향을 주지않을 수 있고, 이 경우 보험료가 환급되지 않으니 환급 가능여부를 보험회사로 확인하여 주시기 바랍니다."
261,A00200,A00201,운전직 종사를 했거나 외국 보험가입 경력이 있는데 보험료 환급이 가능하가요?,"[요약설명]
운전직 및 외국의 보험가입경력 모두 보험가입 경력으로 인정됩니다.
[상세설명]
법인체 및 관공서에서 운전직으로 근무하거나 외국에서 보험가입경력이 있으면 자동차보험 가입경력으로 인정받을 수 있어서 보험가입시 가입경력요율에 혜택을 받을 수 있습니다. 가입시 인정받지 못한 경우, 보험기간 중에 증빙한다면 보험료를 환급받을 수 있습니다.
보험요율 혜택은 보험가입경력 기간별로 달라지는데, 인정받는 경력기간이 미인정시와 같은 혜택을 적용받는 구간이라면 보험료에 영향을 주지않을 수 있고, 이 경우 보험료가 환급되지 않으니 환급 가능여부를 보험회사로 확인하여 주시기 바랍니다."
262,A00100,A00101,"명절기간에 음주 등으로 내 차를 친척 등 운전자한정특약으로 보상대상이 아닌 자와 교대로 운전하는 경우가 있는데, 이 때 발생한 사고를 보상하는 상품이 있나요?","[요약설명]
운전자의 범위를 단기간 확대하는「임시운전자확대특약(명칭 각사 상이)」에 가입하면 보상이 가능합니다.
[상세설명]
운전자 한정특약에 의해 보상대상이 아닌 자라 할지라도, 「임시운전자확대특약(명칭 각사 상이)」에 가입하면, 임시운전자를 운전가능자로 보아 정해진 기간 동안은 피보험자동차를 운전하던 중에 발생한 사고에 대하여 약관에 따라 보상하여 드립니다. 임시운전자라 함은 운전자 한정특약에 따른 운전가능자를 대신하여 피보험자동차를 임시로 대리 운전하는 사람으로서, 기명피보험자의 배우자, 부모, 자녀 등은 제외하고 있으니, 꼭 약관내용을 확인하시기 바랍니다. 특히 주의사항은, 특약가입 당일 24시까지는 보험혜택을 받을 수 없으므로 반드시 하루 전에 특약을 가입해야합니다. 또한, 보험료 수준이나 임시운전가능 보험기간 등 상품내용이 보험회사별로 다르니, 각 보험회사에 문의하여 주시기 바랍니다."
262,A00200,A00201,"명절기간에 음주 등으로 내 차를 친척 등 운전자한정특약으로 보상대상이 아닌 자와 교대로 운전하는 경우가 있는데, 이 때 발생한 사고를 보상하는 상품이 있나요?","[요약설명]
운전자의 범위를 단기간 확대하는「임시운전자확대특약(명칭 각사 상이)」에 가입하면 보상이 가능합니다.
[상세설명]
운전자 한정특약에 의해 보상대상이 아닌 자라 할지라도, 「임시운전자확대특약(명칭 각사 상이)」에 가입하면, 임시운전자를 운전가능자로 보아 정해진 기간 동안은 피보험자동차를 운전하던 중에 발생한 사고에 대하여 약관에 따라 보상하여 드립니다. 임시운전자라 함은 운전자 한정특약에 따른 운전가능자를 대신하여 피보험자동차를 임시로 대리 운전하는 사람으로서, 기명피보험자의 배우자, 부모, 자녀 등은 제외하고 있으니, 꼭 약관내용을 확인하시기 바랍니다. 특히 주의사항은, 특약가입 당일 24시까지는 보험혜택을 받을 수 없으므로 반드시 하루 전에 특약을 가입해야합니다. 또한, 보험료 수준이나 임시운전가능 보험기간 등 상품내용이 보험회사별로 다르니, 각 보험회사에 문의하여 주시기 바랍니다."
263,A00100,A00101,자동차보험에서 의무보험은 무엇(어떤 담보)이고 반드시 가입해야 하나요?,"[요약설명]
자가용의 경우 대인배상Ⅰ과 대물배상 2천만원, 영업용의 경우 대인배상Ⅰ과 대인배상Ⅱ(1억원 이상), 대물배상2천만원에 해당하는 담보에 해당하며 자동차손해배상보장법상 강제보험에 해당하므로 반드시 가입해야함

[상세설명]
자가용 차량은 대인배상Ⅰ(사망 및 후유장애 최고한도 1.5억원, 부상 최고한도 3천만원)과 대물배상 2천만원을 의무적으로 가입해야 합니다. 영업용 차량의 경우 자가용 차량의 의무보험에 대인배상Ⅱ 1억원 이상을 추가적으로 가입해야 합니다. 의무보험은 자동차손해배상보장법상 의무적으로 가입해야 하는 부분이며, 미가입시 과태료가 발생하니 참고하시기 바랍니다."
263,A00200,A00201,자동차보험에서 의무보험은 무엇(어떤 담보)이고 반드시 가입해야 하나요?,"[요약설명]
자가용의 경우 대인배상Ⅰ과 대물배상 2천만원, 영업용의 경우 대인배상Ⅰ과 대인배상Ⅱ(1억원 이상), 대물배상2천만원에 해당하는 담보에 해당하며 자동차손해배상보장법상 강제보험에 해당하므로 반드시 가입해야함

[상세설명]
자가용 차량은 대인배상Ⅰ(사망 및 후유장애 최고한도 1.5억원, 부상 최고한도 3천만원)과 대물배상 2천만원을 의무적으로 가입해야 합니다. 영업용 차량의 경우 자가용 차량의 의무보험에 대인배상Ⅱ 1억원 이상을 추가적으로 가입해야 합니다. 의무보험은 자동차손해배상보장법상 의무적으로 가입해야 하는 부분이며, 미가입시 과태료가 발생하니 참고하시기 바랍니다."
264,A00100,A00101,"운전을 할 수 있는 범위(한정운전특약)에 따라 보험료가 달라진다고 하는데 운전자범위한정 특약은 어떤 것들이 있고, 보험료 차이는 얼마나 나는지?","[요약설명]
운전자의 범위를 한정하는 특약은 가족운전자/ 부부운전자/ 기명피보험자 1인/ 가족운전자와 형제？자매 한정운전 특약 등이 있으며, 운전자 범위를 줄일수록 보험료는 낮아집니다.
[상세설명]
운전자 범위를 좁게 설정할수록 보험료가 낮아집니다. 단, 각 보험회사별로 운전자 범위 한정 특약은 조금씩 상이할 수 있으며 구체적인 내용에 대해서는 해당 보험회사 콜센터를 통하여 확인 가능합니다
(예시) 아래에서 우측으로 갈수록 보험료가 저렴해 집니다.
모든운전자 > 가족운전자와 형제/자매 > 가족운전자 > 부부운전자 > 기명피보험자 1인"
264,A00200,A00201,"운전을 할 수 있는 범위(한정운전특약)에 따라 보험료가 달라진다고 하는데 운전자범위한정 특약은 어떤 것들이 있고, 보험료 차이는 얼마나 나는지?","[요약설명]
운전자의 범위를 한정하는 특약은 가족운전자/ 부부운전자/ 기명피보험자 1인/ 가족운전자와 형제？자매 한정운전 특약 등이 있으며, 운전자 범위를 줄일수록 보험료는 낮아집니다.
[상세설명]
운전자 범위를 좁게 설정할수록 보험료가 낮아집니다. 단, 각 보험회사별로 운전자 범위 한정 특약은 조금씩 상이할 수 있으며 구체적인 내용에 대해서는 해당 보험회사 콜센터를 통하여 확인 가능합니다
(예시) 아래에서 우측으로 갈수록 보험료가 저렴해 집니다.
모든운전자 > 가족운전자와 형제/자매 > 가족운전자 > 부부운전자 > 기명피보험자 1인"
265,A00100,A00101,"자동차보험에서 마일리지라는 말이 자주 나오는데, 마일리지특약은 무엇이고, 보험료에 어떤 영향을 주나요?","[요약설명]
마일리지특약은 자동차의 실제주행거리에 따라 보험료를 할인해 주는 자동차보험 특약입니다. 

[상세설명]
마일리지특약은 자동차의 실제주행거리(연간환산)에 따라 보험료의 일정액을 할인해 주는 자동차보험 특약입니다. 마일리지 특약에 가입하면 실제 주행거리를 보험회사에 증빙하여, 주행거리별 할인율을 적용받으실 수 있습니다. 할인구간 및 할인율은 보험회사 마다 상이하니, 해당 보험회사를 통해 자세한 내용을 확인하시기 바랍니다."
265,A00200,A00201,"자동차보험에서 마일리지라는 말이 자주 나오는데, 마일리지특약은 무엇이고, 보험료에 어떤 영향을 주나요?","[요약설명]
마일리지특약은 자동차의 실제주행거리에 따라 보험료를 할인해 주는 자동차보험 특약입니다. 

[상세설명]
마일리지특약은 자동차의 실제주행거리(연간환산)에 따라 보험료의 일정액을 할인해 주는 자동차보험 특약입니다. 마일리지 특약에 가입하면 실제 주행거리를 보험회사에 증빙하여, 주행거리별 할인율을 적용받으실 수 있습니다. 할인구간 및 할인율은 보험회사 마다 상이하니, 해당 보험회사를 통해 자세한 내용을 확인하시기 바랍니다."
266,A00100,A00102,"자동차보험에 적용되는 요율들은 어떤 것들이 있고, 각각의 요율이 보험료 어떤 영향(인상 또는 인하)을 주는지?","[요약설명]
자동차보험료 산정에 적용되는 요율은 기본보험료 및 특약요율, 가입자특성요율, 특별요율, 우량할인？불량할증요율, 사고건수별 특성요율 등이 있으며, 가입자의 사고 및 교통법규 위반횟수가 적을수록, 보험가입기간이 일정기간 이상인 경우, 할인특약을 가입한 경우 등에는 보험료가 낮아집니다.
[상세설명]
· 기본보험료 : 차량의 종류, 배기량, 용도, 보험가입금액, 성별, 연령 등에 따라 미리 정해놓은 기본적인 보험료입니다.
· 특약요율 : 특별약관을 첨부하여 체결하는 보험계약에 대하여 적용하는 요율을 말하며 대표적으로 운전자 연령제한 특별약관, 운전자 범위제한 특별약관 등이 있습니다.
· 가입자특성요율 : 기명피보험자의 보험가입기간 및 교통법규위반경력에 따라 적용되는 요율을 말하며, 보험가입기간이 오래될수록, 교통법규위반횟수가 적을수록 보험료는 낮아집니다.
· 특별요율 : 자동차의 구조나 운행실태가 같은 종류의 차량과 다른 경우 적용하는 요율을 말합니다.
· 우량할인/불량할증요율 : 과거 사고유무 및 내용에 따라 등급을 평가？결정하며, 등급이 높을수록 보험료는 낮아집니다.
· 사고건수별 특성요율 : 직전3년간 사고유무 및 사고건수에 따라 적용하는 요율을 말하며, 사고횟수가 적을수록 보험료는 낮아집니다."
267,A00100,A00102,차량 보험금이 물적할증기준금액을 넘지 않으면 할증이 되지 않는것으로 알고 있었는데 할증이 왜 되나요?,"[요약설명]
사고건수에 따라 적용되는 요율로 인하여 보험료가 일부 할증되는 경우가 있습니다.
[상세설명]
물적사고할증기준금액 이하사고는 전계약과 동일한 할인할증등급이 적용되지만, 사고건수에 따라 적용되는 요율로 인하여 보험료는 일정부분 할증이 될 수도 있습니다.
직전 3년간 누적 사고건수에 따라 보험료가 할증될 수 있고, 무사고로 할인을 받던 경우에는 할인율을 적용받지 못하여 보험료가 인상될 수 있습니다. 보다 자세한 설명은 해당 보험사를 통하여 확인 가능하오니 참고하시기 바랍니다."
268,A00100,A00102,자동차보험 사고 또는 무사고에 따른 할인할증(적용등급)은 어떻게 적용되나요?,"[요약설명]
할인할증적용등급은 사고점수에 따라 달라지며(1점=1등급), 사고점수의 변동은 사고내용 및 정도에 따라 달라집니다.
[상세설명]
할인할증등급요율(=우량할인,불량할증요율)은 사고점수제이며, 사고점수 1점당 1등급씩 차감되어 요율이 인상됩니다.
할증의 경우 사고점수는 사고내용 및 정도에 따라 달라지며, 대인배상 담보는 사망사고 건당 4점, 부상은 상해급수에 따라 건당 1점~4점, 자기신체사고(자동차상해특약) 담보는 사고 건당 1점이 부과됩니다. 물적담보(대물배상, 자기차량손해) 사고의 경우, 할증기준금액 초과사고시 건당 1점, 할증기준 금액 이하사고시 건당 0.5점이 부과됩니다.
할인의 경우 직전 3년간 무사고라면 갱신시 1등급씩 올라갑니다.
예 1) 현재 15Z 등급(물적할증 기준 200만원인 경우)시 사고로 인하여 대인 부상 14급, 대물 300만원이 보상처리 되었다면
부상 14급 1점, 물적사고 200만원 초과 1점 처리되어 총 2점(2등급)의 할증이 적용 => 15Z - 2등급 = 13Z 등급 적용
예 2) 현재 15Z 등급, 3년간 무사고였다면 갱신시 15Z + 1등급 = 16Z 등급 적용"
269,A00100,A00102,"군, 회사, 해외 등에서 운전한 경력이 있는데 자동차보험에서 혜택받을 수 있는 부분이 있나요?","[요약설명]
과거 자동차 운전경력을 인정받으면 할인혜택을 받을 수 있으나, 개별사안에 대한 검토가 필요합니다.

[상세설명]
관공서 및 법인체 등에서 운전직으로 근무한 기간, 군에서 운전병으로 운전한 기간, 외국에서의 보험가입기간은 보험가입 경력으로 인정받을 수 있으며 보험가입시 보험료의 일정부분에 대하여 할인 혜택을 받을 수 있습니다. 다만, 예외적인 경우가 있을 수 있으니, 자세한 사항은 보험회사에 확인하여 주시기 바랍니다."
270,A00100,A00102,자동차보험의 보상은 같은데 보험회사마다 보험료는 왜 차이가 있나요?,"[요약설명]
보험회사마다 보유계약이 다르며, 사고위험도, 지급보험금 규모 등 보험관련 통계가 다르기 때문에 이에 따라 산정되는 보험료도 차이가 발생할 수 있습니다.
[상세설명]
우리나라는 보험료 자율화에 따라 보험회사는 사고위험도를 고려하여 연령, 성별, 차종 등에 따라 보험료를 다르게 산정하고 있어 회사별로 보험료 차이가 발생합니다. 또한, A 보험회사의 자동차보험 가입자들이 사고로 인해 보험금을 수령한 규모가 다른 보험회사보다 많다면 향후 A 보험회사의 보험료 수준은 올라갈 것입니다.
이처럼 보험회사별로 보험금이 지급된 규모에 따라 보험료가 달라지게 되므로 참고하여 주시기 바랍니다."
271,A00100,A00102,왜 매년 자동차보험갱신때마다 보험료가 달라지나요? (심지어 사고도 없었는데 보험료가 올랐습니다.),"[요약설명]
매년 보험료를 재산정하여 적용하게 되므로 매년 보험료가 변동됩니다.
[상세설명]
자동차보험은 1년간 발생한 사고로 인해 지급된 보험금의 많고 적음에 따라 다음해 보험료가 인상되거나 인하될 수 있습니다.
일반적인 보험에서와 같이 자동차보험도 여러 사람이 납부한 보험료를 모아 두었다가 사고가 발생한 사람에게 보험금을 지급하게 되므로 내가 무사고이고, 보상을 받지 않았더라도 나와 같은 보험에 가입한 그룹의 사람들에게 지급된 보험금이 많다면 추후 기본보험료, 특약보험료 등이 올라가는 결과가 발생할 수 있습니다. 이로 인해 사고가 없는 운전자도 보험료가 인상되는 경우가 발생할 수 있습니다. 이러한 무사고 운전자의 경우 억울한 측면이 있을 수 있으므로 각 운전자의 가입경력, 사고 유무를 추가로 감안하는 할인할증 제도를 운영하고 있습니다."
272,A00100,A00103,보험사 마다 보험료도 다르고 보상처리도 서로 잘해준다고 하는데 동일 사고발생 시 보험료가 비싼 회사가 보험금도 많이 주나요?,"[요약설명]
보험료가 비싼 회사가 보험금을 많이 지급하는 것은 아닙니다.
[상세설명]
보험회사에서 사용하는 자동차보험 약관의 보험금 지급기준은 관련법규에 따라 동일한 내용을 적용하고 있습니다. 따라서, 동일한 조건으로 가입했다면 보험회사별로 보험료는 차이가 있더라도 사고 발생시 보험금 산정기준은 동일하게 됩니다.
다만 가입한 항목, 가입한 특약, 가입금액(보상한도) 등이 다른 경우라면 보험금에 차이가 발생할 수 있습니다."
273,A00100,A00103,같은 회사인데 설계사가 판매하는 자동차보험과 인터넷의 보험료가 차이납니다(설계사 비쌈) 그런데 설계사는 인터넷으로 가입하는 보험과 보상처리가 다르다 하는데 사실인가요?,"[요약설명]
설계사가 판매하는 보험과 인터넷으로 가입한 보험은 동일한 약관에 의해 보상처리가 이루어지기 때문에 보상처리는 동일합니다

[상세설명]
설계사가 판매하는 자동차보험의 경우 설계사에 대한 수수료？수당 등의 보수와 그 밖의 지원경비가 포함되기 때문에 인터넷으로 가입하는 보험과 보험료 차이가 발생합니다. 그러나 보상처리는 모집방법에 따라 차별을 두지 않고 동일한 약관을 적용하기 때문에 보상처리 역시 동일합니다."
274,A00100,A00103,보험료 산출과정이나 특약이 너무 복잡하고 많은데 쉽게 이해를 돕는 자료가 별도로 있나요?,"[요약설명]
상품설명서를 통해 도움받으실 수 있습니다.

[상세설명]
보험료 산출과정은 자동차보험 가입시 제공되는 상품설명서를 통해 확인할 수 있으며, 특약의 자세한 내용은 손해보험협회 공시실 또는 보험회사 홈페이지에서 확인하실 수 있습니다."
275,A00100,A00103,"자동차보험 가입 후 수령한 증권, 약관등을 분실해서 다시 받아보고 싶은데요?","[요약설명]
보험회사에 연락하시면 언제든 재발급 됩니다.

[상세설명]
증권, 약관 등을 분실한 경우 가입한 보험회사(콜센터)에 연락하여 재발행 요청하면 다시 받아보실 수 있습니다. 증권이나 약관은 보험기간중이나 계약이 종료된 후에도 재발행 요청이 가능하며, 보험계약자의 별도 비용부담은 없으니 참조바랍니다"
276,A00100,A00105,"계약전 알릴 의무 위반 시 사고가 발생하면 어떤 불이익이 있나요, 보상처리가 안되는 경우도 있나요?","[요약설명]
보험가입자가 계약전 알릴의무를 위반할 경우 보험계약이 해지되거나 추후 사고시 보상이 되지 않을 수도 있습니다.
[상세설명]
보험계약자는 청약을 할때 자신이 알고 있는 사실을 보험회사에 알려야 하는 의무를 '계약전 알릴 의무'(고지의무)라고 하는데, 만약 이 의무를 위반시 그 사실을 안 날로부터 1월이내에 보험 계약을 해지할 수 있으며, 해지 이전에 생긴 사고에 대하여 보상하지 않으며, 이 경우 보험회사는 지급한 보험금의 반환을 청구할 수 있습니다. 다만, 계약 전 알릴 의무 위반한 사실이 사고의 발생에 영향을 미치지 않았음이 증명된 때에는 보험회사는 보상합니다.
계약 전 알릴 의무(고지의무)는 다음과 같습니다.
1. 피보험자동차의 검사에 관한 사항
2. 피보험자동차의 용도, 차종, 등록번호,차명,연식,적재정량,구조 등 피보험자동차에 관한 사항
3. 기명피보험자의 성명, 연령 등에 관한 사항
4. 그 밖에 보험청약서에 기재된 사항 중에서 보험료의 계산에 영향을 미치는 사항"
277,A00100,A00104,"자동차보험에서 공동인수를 한다고 하는데요, 공동인수가 무엇인가요?","[요약설명]
하나의 자동차보험 계약을 한 보험회사가 아니라 여러 보험회사에서 인수하는 것을 말합니다.

[상세설명]
자동차보험 공동인수란, 가입자의 사고율, 사고경력 등을 토대로 보험회사가 단독으로 계약을 인수하기에 위험도가 높다고 판단하여 인수를 거절한 경우, 가입자의 요청에 따라 자동차보험을 운영하는 모든 회사가 공동으로 위험을 분담하여 계약을 인수하는 것입니다. 공동인수시, 일반적으로 가입하는 방법과 보험료 차이가 발생하며 자세한 사항은 보험회사로 문의하시기 바랍니다.(자동차보험 불량물건 공동인수에 관한 상호협정에 따라 운영됨)"
278,A00100,A00105,자동차보험은 의무보험이라 알고 있는데 보험회사에서 가입을 안받아 줍니다. 이런 경우도 있나요?,"[요약설명]
의무보험의 경우 보험회사에서 가입을 거절하는 경우, 관련법에 따라 과태료가 부과됩니다.
[상세설명]
자동차손해배상보장법령에 따라, 의무적으로 가입하여야 하는 자동차보험은(=의무보험) 비사업용 차량의 경우 대인배상Ⅰ 및 대물배상(2천만원), 사업용 차량의 경우 대인배상Ⅰ을 초과하는 보험(대인배상Ⅱ) 및 대물배상(2천만원)입니다. 또한 동 법 제24조에 따라 보험회사는 의무보험에 대하여는 계약체결을 거부할 수 없으며, 계약체결 거부시 과태료가 부과됩니다.
그러나, 의무보험 이외 임의보험에 대하여는 보험회사에서 자율적으로 인수여부를 결정할 수 있으니, 가입요청시 담보 및 금액 등을 재확인하시기 바랍니다."
279,A00300,A00302,차량 충격으로 충격부위가 아닌 차량의 다른부분에 고장이 발생하였습니다. 어떻게 해야 하나요?,"[요약설명]
사고로 인한 직접적인 충격부위가 아니라도 사고와 고장부분 사이에 인과관계가 있을 경우 보상이 가능합니다.
[상세설명]
자동차보험 약관에서는 사고로 인하여 발생한 손해를 보상하는 손해로 정하여 두고 있습니다. 따라서 차량의 고장부위가 사고당시에 직접적인 충격이 이루어진 부위가 아니더라도, 사고로 인하여 발생한 고장손해가 명확히 확인될 경우에는 보험금을 받으실 수 있습니다. 참고로 사고로 인해 고장났음을 확인할수 있는 수리처등의 확인서 및 객관적인 자료가 있을 경우 보다 원활한 처리를 받으실 수 있으실 겁니다."
285,A00300,A00301,보험금을 일부라도 받고싶은데 가능한가요?,"[요약설명]
보험금 일부에 대한 가지급은 가능합니다.

[상세설명]
자동차보험 약관상 가지급금의 청구가 가능합니다. 보험회사는 자동차손해배상보장법 또는 교통사고처리특례법 등에 의해 이 약관에 따라 지급할 금액의 한도에서 자동차보험진료수가는 전액, 진료수가 이외의 손해배상금은 이 약관에 따라 지급할 금액의 50%를 지급합니다. 다만, 보험회사의 보험금 지급책임이 발생하지 않는 것이 명백할 경우 지급이 어려울 수 있으며, 지급된 가지급금은 장래 지급될 보험금에서 공제되니 이점 참고하시기 바랍니다."
286,A00300,A00301,피해자직접청구권은 경찰서 신고를 해야하나요?,"[요약설명]
경찰신고가 필요하고, 신고후 발급되는 교통사고사실확인원이 필요하며, 그외의 서류는 내용에 따라 다릅니다.
[상세설명]
자동차보험 약관상 교통사고 발생사실을 확인할 수 있는 서류가 있으면 직접 청구가 가능합니다. 경찰서에 신고되어 발행된 교통사고사실확인원이 아니어도 개관적으로 교통사고 발생사실을 증명할 수 있는 서류가 있다면 직접청구가 가능합니다."
287,A00300,A00301,피해자직접청구권은 어떻게 신청하는 것인가요?,"[요약설명]
몇가지 필요한 서류를 구비하여 보험회사에 제출하시면 됩니다.
[상세설명]
피해자 직접청구권은 자동차보험 약관상 손해배상청구권자가 행사할 수 있으며, 이 경우 필요서류는 다음과 같습니다.
1. 교통사고 발생사실을 확인할 수 있는 서류.
2. 손해배상청구서.
3. 손해액을 증명하는 서류.
4. 그 밖에 보험회사가 꼭 필요하여 요청하는 서류 등.
해당 서류를 첨부하여 해당 보험회사에 보험금청구서류를 작성하여 제출하시면 됩니다."
288,A00300,A00301,보험금청구권은 피보험자만 있나요?,"[요약설명]
피보험자 및 손해배상청구권자에게 보험금청구권이 있습니다.
[상세설명]
보험금청구권은 보험사고로 재산상의 손해를 입은경우 피보험자가 보험사에 갖는 권리라 할 수 있습니다. 다만, 담보항목 중 자기차량손해는 보험증권에 기재된 기명피보험자만이 청구가 가능합니다.
또한, 손해배상청구권자는 피보험자가 법률상의 손해배상책임을 지는 사고가 생긴 경우, 보험회사에 직접 손해배상을 청구할 수 있습니다. 다만 보험회사는 피보험자가 그 사고에 관하여 가지는 항변으로 손해배상청구권자에게 대항할 수 있습니다."
289,A00300,A00301,교통사고를 낸 운전자는 어떤 책임을 지게 되나요?,"[요약설명]
교통사고 가해자에게는 민사상, 형사상, 행정상 책임이 따릅니다. 

[상세설명]
민사상의 배상책임은 피해자에게 신체 및 재산상의 배상책임을 지는 것이며 이는 자동차보험의 접수 등으로 처리가 가능합니다. 형사상 책임은 중과실 사고의 경우 형사적 책임이 부과되는 것이며, 행정상의 책임은 면허정지, 취소 등의 행정상 절차입니다."
290,A00300,A00301,보험금을 지급받는데에 개인정보 동의가 꼭 필요한가요?,"[요약설명]
개인정보 동의를 거부하실 경우 보험금 지급이 지연될 수 있습니다.
[상세설명]
치료비, 휴업손해, 차량 수리비 등 보험금 산정을 위해서는 고객님의 개인정보 동의가 필요하며, 개인정보 동의를 거부하시면 보험금 지급이 지연될 수 있습니다."
291,A00300,A00301,보험금을 청구한지 1달이 되어가는데 지급하지 않고 있습니다. 이래도 되나요?,"[요약설명]
보험회사는 손해액(보험금)이 정해지면 7일이내에 보험금을 지급하며, 부당한 지급지연시에는 지연이자를 지급하여 드립니다.
[상세설명]
보험회사는 손해배상청구에 관한 서류 등을 받았을 때에는 지체 없이 지급할 손해배상액을 정하고 그 정하여진 날로부터 7일 이내에 지급합니다.
다만, 손해액 확정 지연, 분쟁 등의 사유로 보험회사가 지급을 연기 또는 거절할 시에는 손해배상 청구에 관한 서류를 받은 때부터 30일 이내에 손해배상청구권자에게 손해배상금을 지급하는 것을 거절하는 이유 또는 그 지급을 연기하는 이유를 서면으로 통지하여야 합니다. 다만, 계약자, 피보험자 또는 보험수익자에게 책임이 있는 사유로 지급이 지연된 경우에는 그 기간에 대한 이자는 지급하지 않습니다.
특별한 이유나 설명없이 보험금 지급이 지연되고 있다면, 각 보험회사 콜센터를 통해 본 사항에 대한 즉시 해결을 요청하시길 바랍니다."
292,A00300,A00305,사고가 지난지 오래되었는데 연락이 없습니다?,보험회사 콜센터를 통해 고객님의 보상담당자를 확인하고 진행상황을 체크하여 주시는 것이 필요합니다.
293,A00300,A00305,보험사에서 누락된 보험금을 준다고 합니다. 다른 목적으로 접근하는 것은 아닌지 걱정됩니다.,"[요약설명]
보험회사에서는 일정 기간 동안 미지급되거나 누락된 보험금에 대하여 고객님께 지급 가능함을 알려드리고 있습니다.
[상세설명]
보험회사에서는 일정 기간 동안 미지급된 보험금에 대하여 고객님께 지급 가능함을 알려드리고 있습니다. 보험회사 콜센터로 연락하여 해당 보상부서를 확인하여 더 자세한 안내를 받으시길 바랍니다."
294,A00300,A00302,과실비율 분쟁으로 보험금 지급이 지연되고 있습니다. 어떻게 해야 하나요?,"[요약설명]
상대방과의 과실협의가 되지 않은 경우에는, 과실비율에 대한 자문을 구하는 방법이 있으니 참고하시기 바랍니다.
[상세설명]
과실비율에 대해 양측간 합의에 이르기 어려운 경우라면 보험회사를 통해 과실분쟁심의(쌍방간의 과실비율에 대한 자문)를 요청하는 방법이 있습니다. 다만, 과실분쟁심의 결과가 나오는 데에는 다소 시일이 소요될 수 있습니다. 자기차량손해 담보에 가입한 경우라면 자차로 우선 보상받으신 후, 과실비율 결정 이후에 정산하시는 방법이 있으니 참고하여 주시기 바랍니다. 다만, 자차담보가 없거나 자차가 가입되어 있다하더라도 자차에서 보상이되지 않는 대차료 등은 과실비율 결정 이후 받으실 수 있습니다."
301,A00300,A00301,운전 중 실랑이가 붙어 대차 운전자에게 보복운전을 당한 것 같습니다. 상대편 보험사에서 보험처리가 안된다고 하는데 어떻게 하나요?,"[요약설명]
보복운전으로 인한 사고발생에 따른 피해는 자동차보험에서 보상되지 않습니다.
[상세설명]
약관에서는 피보험자의 고의로 인한 손해는 보상이 되지 않습니다.(대인배상Ⅰ은 보상 가능) 다만, 고의 여부의 판단은 공권력을 가진 경찰조사에 의해 결정됩니다. 그러므로 경찰에 신고하고 가입 보험사에 자문을 받아 진행하는 것이 좋을 것으로 보입니다."
337,A00300,A00303,"정비업체와 보험회사 간 정비수가 비계약상태로 수리비청구를 했는데, 보험금이 너무 삭감되었습니다. 어떻게 해야 하나요?","[요약설명]
정비수가는 보험회사와 각 정비업체와 개별적으로 계약을 체결하는 구조이므로 보험회사에 연락하여 상의해 주시기 바랍니다.

[상세설명]
정비수가를 구성하는 두 가지 구성요소인, 작업시간과 공임에 대하여, 보험회사는 자동차손해배상보장법에 의하여 국토부에서 공표하는 보험정비수가 기준을 물가상승율 등을 감안하여 적용하고 있습니다. 그러나, 정비업체와 적용기준 등에 대한 이견이 발생하는 경우, 정비업체에 의한 청구액 보다 지급보험금이 삭감되는 경우가 발생할 수 있습니다. 이 경우, 해당 보험회사에 삭감 사유의 근거 및 설명을 요청하신 후 적정성에 대하여 협의하시는 것이 타당합니다."
337,A00300,A00304,"정비업체와 보험회사 간 정비수가 비계약상태로 수리비청구를 했는데, 보험금이 너무 삭감되었습니다. 어떻게 해야 하나요?","[요약설명]
정비수가는 보험회사와 각 정비업체와 개별적으로 계약을 체결하는 구조이므로 보험회사에 연락하여 상의해 주시기 바랍니다.

[상세설명]
정비수가를 구성하는 두 가지 구성요소인, 작업시간과 공임에 대하여, 보험회사는 자동차손해배상보장법에 의하여 국토부에서 공표하는 보험정비수가 기준을 물가상승율 등을 감안하여 적용하고 있습니다. 그러나, 정비업체와 적용기준 등에 대한 이견이 발생하는 경우, 정비업체에 의한 청구액 보다 지급보험금이 삭감되는 경우가 발생할 수 있습니다. 이 경우, 해당 보험회사에 삭감 사유의 근거 및 설명을 요청하신 후 적정성에 대하여 협의하시는 것이 타당합니다."
338,A00300,A00303,정비수가 분쟁으로 직불처리하여 정비공장에 현금을 지불하라고 합니다. 어떻게 해야 하나요?,"[요약설명]
현금지급한 경우 증빙자료를 보험회사에 제출하고 보험금을 청구할 수 있으며, 청구금액에 대하여 보험회사의 지급심사가 이루어집니다. 분쟁업체 입고 전 보험사 직원의 안내에 따라 협력정비업체로 이동하시면 현금지급 없이 보상처리를 받으실 수 있습니다.
[상세설명]
통상적인 수리비 청구/지급 절차는 정비업체에서 보험회사로 수리비를 청구하고, 보험회사가 정비업체로 금액을 지급하는 것입니다. 그러나, 정비수가 수준과 관련한 분쟁(보험업계는 자동차손해배상보장법상에 따라 국토부에서 공표하는 보험정비수가 기준을 물가상승율 등을 감안하여 적용) 등으로 인하여, 일부 정비업체는 보험회사로 수리비를 청구하지 않고, 차량 출고시 고객에게 현금을 지급받은 후 고객이 보험회사로 보험금을 직접 청구토록 하는 사례가 있습니다. 분쟁업체 입고 전 보험사 직원의 안내에 따라 협력정비업체로 이동하시면 현금지급 없이 보상처리를 받으실 수 있습니다.
현금지급을 한 경우, 세금계산서 및 청구서등의 증빙자료를 보험사에 제출하고 보험금을 청구하시면 보험회사로부터 처리 관련 안내받으실수 있습니다. 그러나, 해당 청구내역에 대해 보험회사 측에서 사고와의 인과관계, 수리범위 등을 바탕으로 지급심사를 하여 보험금 지급액을 재검토할 수 있으니 참고하시기 바랍니다."
338,A00300,A00304,정비수가 분쟁으로 직불처리하여 정비공장에 현금을 지불하라고 합니다. 어떻게 해야 하나요?,"[요약설명]
현금지급한 경우 증빙자료를 보험회사에 제출하고 보험금을 청구할 수 있으며, 청구금액에 대하여 보험회사의 지급심사가 이루어집니다. 분쟁업체 입고 전 보험사 직원의 안내에 따라 협력정비업체로 이동하시면 현금지급 없이 보상처리를 받으실 수 있습니다.
[상세설명]
통상적인 수리비 청구/지급 절차는 정비업체에서 보험회사로 수리비를 청구하고, 보험회사가 정비업체로 금액을 지급하는 것입니다. 그러나, 정비수가 수준과 관련한 분쟁(보험업계는 자동차손해배상보장법상에 따라 국토부에서 공표하는 보험정비수가 기준을 물가상승율 등을 감안하여 적용) 등으로 인하여, 일부 정비업체는 보험회사로 수리비를 청구하지 않고, 차량 출고시 고객에게 현금을 지급받은 후 고객이 보험회사로 보험금을 직접 청구토록 하는 사례가 있습니다. 분쟁업체 입고 전 보험사 직원의 안내에 따라 협력정비업체로 이동하시면 현금지급 없이 보상처리를 받으실 수 있습니다.
현금지급을 한 경우, 세금계산서 및 청구서등의 증빙자료를 보험사에 제출하고 보험금을 청구하시면 보험회사로부터 처리 관련 안내받으실수 있습니다. 그러나, 해당 청구내역에 대해 보험회사 측에서 사고와의 인과관계, 수리범위 등을 바탕으로 지급심사를 하여 보험금 지급액을 재검토할 수 있으니 참고하시기 바랍니다."
339,A00300,A00303,피해가 경미한데 범퍼를 교체해달라고 합니다. 보상해 주어야 하나요?,"[요약설명]
약관상 정해진 기준에 따라 보상하여 드립니다.

[상세설명]
수리비는 손해사정이 가능한 자가 사고와 손해와의 인과관계, 수리범위 등을 검토하여, 필요타당한 수리가 아님이 입증 가능하다면 보상을 제한할 수도 있습니다. 그러나, 지급기준에 대한 해석에 대하여 상대측과 분쟁이 생길 수 있으며, 범퍼교체가 필요타당하지 않다는 사실을 입증하는 데에 문제가 있을 수 있습니다. 이에, 2016년 7월 1일 책임개시 계약건부터는 자동차보험 표준약관이 변경되었으며, 변경된 기준에 따라, 경미한 손상(외장부품 중 자동차의 기능과 안전성을 고려할 때 부품교체 없이 복원이 가능한 손상)은 보험개발원이 정한 경미손상 수리기준에 따라 복원수리하는데 소요되는 비용을 한도로 보상합니다. 자세한 내용은 보험회사 혹은 해당 기관에 문의하시는 것이 정확합니다."
339,A00300,A00304,피해가 경미한데 범퍼를 교체해달라고 합니다. 보상해 주어야 하나요?,"[요약설명]
약관상 정해진 기준에 따라 보상하여 드립니다.

[상세설명]
수리비는 손해사정이 가능한 자가 사고와 손해와의 인과관계, 수리범위 등을 검토하여, 필요타당한 수리가 아님이 입증 가능하다면 보상을 제한할 수도 있습니다. 그러나, 지급기준에 대한 해석에 대하여 상대측과 분쟁이 생길 수 있으며, 범퍼교체가 필요타당하지 않다는 사실을 입증하는 데에 문제가 있을 수 있습니다. 이에, 2016년 7월 1일 책임개시 계약건부터는 자동차보험 표준약관이 변경되었으며, 변경된 기준에 따라, 경미한 손상(외장부품 중 자동차의 기능과 안전성을 고려할 때 부품교체 없이 복원이 가능한 손상)은 보험개발원이 정한 경미손상 수리기준에 따라 복원수리하는데 소요되는 비용을 한도로 보상합니다. 자세한 내용은 보험회사 혹은 해당 기관에 문의하시는 것이 정확합니다."
340,A00300,A00301,차량이 수리비용이 20%가 넘지않아서 시세하락손해를 지급할수없다고 합니다. 맞는 것인가요?,"[요약설명]
출고한 지 2년이내의 차량에 대해, 수리비용이 사고당시 차량가액의 20%를 초과하는 경우에만 지급가능합니다.
[상세설명]
약관상 시세하락손해(격락손해)는 수리비용이 사고 당시 차량가액의 20%를 초과하는 경우에만 지급이 가능한데, 이 때 사고차량이 출고된 후 1년 이하인 경우에는 수리비의 15%를 지급하고 출고 후 1년 초과 ~ 2년 이하인 경우에는 10%를 지급해 드립니다. 자세한 사항은 해당 보상과로 문의하시면 됩니다."
341,A00300,A00303,"영업용 차량이 파손되어, 기간동안 영업을 하지 못해서 손해를 보았는데 보험사에서 보상을 해주나요?","[요약설명]
사고로 인하여 사업장 또는 그 시설물(차량 포함)을 파괴하여 영업손실이 발생한 경우 자동차보험 약관에 보상 기준을 규정하고 있습니다.
[상세설명]
소득세법령에 정한 사업자의 사업장 또는 그 시설물(차량 포함)을 파괴하여 휴업함으로써 상실된 이익이 발생한 경우 영업손실을 보상합니다.
영업손실은 소득을 인정할 수 있는 세법에 따른 관계증빙서에 의하여 산정된 금액을 보상하며, 증명자료가 없는 경우 일용근로자 임금을 기준으로 보상합니다. 이 경우 영업손실의 인정기간은 30일을 한도로 합니다."
341,A00300,A00304,"영업용 차량이 파손되어, 기간동안 영업을 하지 못해서 손해를 보았는데 보험사에서 보상을 해주나요?","[요약설명]
사고로 인하여 사업장 또는 그 시설물(차량 포함)을 파괴하여 영업손실이 발생한 경우 자동차보험 약관에 보상 기준을 규정하고 있습니다.
[상세설명]
소득세법령에 정한 사업자의 사업장 또는 그 시설물(차량 포함)을 파괴하여 휴업함으로써 상실된 이익이 발생한 경우 영업손실을 보상합니다.
영업손실은 소득을 인정할 수 있는 세법에 따른 관계증빙서에 의하여 산정된 금액을 보상하며, 증명자료가 없는 경우 일용근로자 임금을 기준으로 보상합니다. 이 경우 영업손실의 인정기간은 30일을 한도로 합니다."
342,A00300,A00303,휴차료 지급기준에 대해 알고 싶습니다.,"[요약설명]
보험개발원에서 산정한 휴차료 일람표에 따라 정해집니다.
[상세설명]
휴차료는 사업용자동차가 파손 또는 오손되어 사용하지 못하는 기간 동안에 발생하는 영업손해를 보상하는 것으로 1일 영업수입에서 운행경비를 공제한 금액에 휴차기간을 곱한 금액(증명자료가 있는 경우) 또는, 보험개발원이 산정한 사업용 해당 차종 휴차료 일람표 금액에 휴차기간을 곱한 금액을 지급합니다.
보험개발원 휴차료 일람표는 손해보험사 전체가 사용하는 금액이며, 사업용 차종별 산정되어 있습니다."
342,A00300,A00304,휴차료 지급기준에 대해 알고 싶습니다.,"[요약설명]
보험개발원에서 산정한 휴차료 일람표에 따라 정해집니다.
[상세설명]
휴차료는 사업용자동차가 파손 또는 오손되어 사용하지 못하는 기간 동안에 발생하는 영업손해를 보상하는 것으로 1일 영업수입에서 운행경비를 공제한 금액에 휴차기간을 곱한 금액(증명자료가 있는 경우) 또는, 보험개발원이 산정한 사업용 해당 차종 휴차료 일람표 금액에 휴차기간을 곱한 금액을 지급합니다.
보험개발원 휴차료 일람표는 손해보험사 전체가 사용하는 금액이며, 사업용 차종별 산정되어 있습니다."
343,A00300,A00303,"교통사고로 차량을 폐차하고, 새로 차량을 구입하려고 합니다. 차량 취득세도 보상받을 수 있나요?","[요약설명]
대물배상의 경우, 약관상 지급기준에 따라, 사고차량과 동급차종을 취득하는 데 소요되는 취득세를 보상받을 수 있습니다.
[상세설명]
사고차량 전부손해로 인한 폐차 후, 다른 차량을 대체하여 등록하는 경우, 자동차보험 대물담보 약관상 “교환가액” 지급기준에 의거하여, 보험회사로부터 사고 직전 피해물 가액에 상당하는 동종의 대용품을 취득할 때 실제로 소요된 필요타당한 비용인 취득세를 보상받으실 수 있습니다.
자기차량손해 담보의 경우, 약관에 따라 피보험자동차에 직접적으로 생긴 손해에 대하여 보상하고 있으므로, 새로운 차량의 취득세는 별도로 보상되지 않으니 참고하시기 바랍니다."
343,A00300,A00304,"교통사고로 차량을 폐차하고, 새로 차량을 구입하려고 합니다. 차량 취득세도 보상받을 수 있나요?","[요약설명]
대물배상의 경우, 약관상 지급기준에 따라, 사고차량과 동급차종을 취득하는 데 소요되는 취득세를 보상받을 수 있습니다.
[상세설명]
사고차량 전부손해로 인한 폐차 후, 다른 차량을 대체하여 등록하는 경우, 자동차보험 대물담보 약관상 “교환가액” 지급기준에 의거하여, 보험회사로부터 사고 직전 피해물 가액에 상당하는 동종의 대용품을 취득할 때 실제로 소요된 필요타당한 비용인 취득세를 보상받으실 수 있습니다.
자기차량손해 담보의 경우, 약관에 따라 피보험자동차에 직접적으로 생긴 손해에 대하여 보상하고 있으므로, 새로운 차량의 취득세는 별도로 보상되지 않으니 참고하시기 바랍니다."
344,A00300,A00303,제 차 수리비가 처음에는 180만원나온다고 했는데 수리하더니 250만원이 나왔다고 하는데 어떻게 해야되나요?,"[요약설명]
최초견적과 최종견적이 다른 경우도 발생할 수 있습니다.

[상세설명]
여러 이유가 있겠지만, 수리가 종료되지 않은 시점에서는 예상견적을 통해 안내를 드릴 수 밖에 없으며, 실제 수리가 종료되면 예상하지 못한 파손이 확인되어 수리비가 증가될 수도 있습니다. 따라서, 어떤 내용으로 실제 수리가 되었는지는 해당 보상담당자에게 문의하시면 정확하게 답변을 받으실 수 있으며, 필요하시면 별도의 손해액 산정자료를 요청하실 수 있습니다."
344,A00300,A00304,제 차 수리비가 처음에는 180만원나온다고 했는데 수리하더니 250만원이 나왔다고 하는데 어떻게 해야되나요?,"[요약설명]
최초견적과 최종견적이 다른 경우도 발생할 수 있습니다.

[상세설명]
여러 이유가 있겠지만, 수리가 종료되지 않은 시점에서는 예상견적을 통해 안내를 드릴 수 밖에 없으며, 실제 수리가 종료되면 예상하지 못한 파손이 확인되어 수리비가 증가될 수도 있습니다. 따라서, 어떤 내용으로 실제 수리가 되었는지는 해당 보상담당자에게 문의하시면 정확하게 답변을 받으실 수 있으며, 필요하시면 별도의 손해액 산정자료를 요청하실 수 있습니다."
345,A00300,A00303,상대방차 수리비가 과도하게 나왔습니다. 어떻게 해야되나요?,"[요약설명]
보험회사에 상세한 지급내역을 요청 및 확인한 후, 보험회사 직원의 설명 등을 청취후 판단하시면 됩니다.

[상세설명]
수리비는 차종 및 차량의 파손 범위에 따라 다르기에 해당 보상과에 파손된 부품은 무엇이고 그에 따른 손해액 산정 근거는 무엇인지 문의하시는게 제일 정확하게 확인하실 수 있는 방법입니다. 필요하시다면 보상담당자에게 손해액 산정자료를 요청하실 수 있습니다. 이를 통해 보험금의 적정성을 확인하시고 불합리한 경우 재조정을 요청하실 수 있습니다."
345,A00300,A00304,상대방차 수리비가 과도하게 나왔습니다. 어떻게 해야되나요?,"[요약설명]
보험회사에 상세한 지급내역을 요청 및 확인한 후, 보험회사 직원의 설명 등을 청취후 판단하시면 됩니다.

[상세설명]
수리비는 차종 및 차량의 파손 범위에 따라 다르기에 해당 보상과에 파손된 부품은 무엇이고 그에 따른 손해액 산정 근거는 무엇인지 문의하시는게 제일 정확하게 확인하실 수 있는 방법입니다. 필요하시다면 보상담당자에게 손해액 산정자료를 요청하실 수 있습니다. 이를 통해 보험금의 적정성을 확인하시고 불합리한 경우 재조정을 요청하실 수 있습니다."
346,A00300,A00303,"피해가 경미한데 피해자에게 대인/대물 보험금이 너무 많이 지급되었습니다, 어떻게 해야 하나요","[요약설명]
보험회사에 상세한 지급내역을 요청 및 확인한 후, 보험회사 직원의 설명 등을 청취후 판단하시면 됩니다.

[상세설명]
보험금은 기본적으로 약관에 따라 처리되고, 사고마다 그 내용이 달라 일괄적으로 설명을 드릴수 없습니다. 보상담당자에게 산정 근거를 문의하시는 것이 제일 정확한 답변이 가능할 것이며 필요하면 손해액산정자료를 따로 요청하실 수 있습니다. 이를 통해 보험금의 적정성을 확인하시고 불합리한 경우 재조정을 요청하실 수 있습니다."
346,A00300,A00304,"피해가 경미한데 피해자에게 대인/대물 보험금이 너무 많이 지급되었습니다, 어떻게 해야 하나요","[요약설명]
보험회사에 상세한 지급내역을 요청 및 확인한 후, 보험회사 직원의 설명 등을 청취후 판단하시면 됩니다.

[상세설명]
보험금은 기본적으로 약관에 따라 처리되고, 사고마다 그 내용이 달라 일괄적으로 설명을 드릴수 없습니다. 보상담당자에게 산정 근거를 문의하시는 것이 제일 정확한 답변이 가능할 것이며 필요하면 손해액산정자료를 따로 요청하실 수 있습니다. 이를 통해 보험금의 적정성을 확인하시고 불합리한 경우 재조정을 요청하실 수 있습니다."
355,A00200,A00204,다중이용업소 화재배상책임보험에 가입중인데 점포를 다른 사람한테 넘기기로 했습니다. 보험도 승계가 되나요?,"[요약설명]
상법 제679조 및 다중이용업소의 안전관리에 관한 특별법 제13조의6에 따라 승계가 가능합니다.
[상세설명]
피보험자가 보험의 목적을 양도한 때에는 양수인은 보험계약상의 권리와 의무를 승계한 것으로 추정하며(상법 제679조),
보험회사는 다중이용업주의 변경이 있다고 하더라도, 다중이용업주가 화재배상책임보험을 승계한 경우에는 계약을 해지할 수 없습니다.(다중이용업소 안전관리에 관한 특별법 제13조의6)"
416,A00100,A00102,인터넷 보험비교사이트와 보험사 다이렉트보험 중 어디가 더 저렴한가요?,"[요약설명]
보험사다이렉트보험이 모집수당이 포함되지 않아 더 저렴합니다.
[상세설명]
인터넷 보험비교사이트는 대부분 보험대리점에서 운영하다보니 설계사 모집수당이 포함되어 있는 반면에, 보험사 다이렉트는 설계사 모집수당이 빠져 있어 일반적으로 더 저렴합니다. 보험사 다이렉트도 보험사별로 가격이 다른데, 이를 편리하게 비교해볼 수 있는 곳이 손해보험협회와 생명보험협회가 함께 운영하는 온라인 보험슈퍼마켓인 ‘보험다모아’입니다."
416,A00200,A00201,인터넷 보험비교사이트와 보험사 다이렉트보험 중 어디가 더 저렴한가요?,"[요약설명]
보험사다이렉트보험이 모집수당이 포함되지 않아 더 저렴합니다.
[상세설명]
인터넷 보험비교사이트는 대부분 보험대리점에서 운영하다보니 설계사 모집수당이 포함되어 있는 반면에, 보험사 다이렉트는 설계사 모집수당이 빠져 있어 일반적으로 더 저렴합니다. 보험사 다이렉트도 보험사별로 가격이 다른데, 이를 편리하게 비교해볼 수 있는 곳이 손해보험협회와 생명보험협회가 함께 운영하는 온라인 보험슈퍼마켓인 ‘보험다모아’입니다."
417,A00100,A00102,자동차보험 동일증권이란 무엇인가요?,"[요약설명]
2대 이상의 차량을 동일 보험사에 하나의 증권으로 가입하는 자동차보험을 말합니다.
[상세설명]
동일증권으로 가입 가능한 차종은 ""승용차, 경승합차, 경화물차, 4종화물차""로 제한되며, 모든 차량의 보험기간 만료일을 동일하도록 설정하여야 합니다. 동일증권으로 가입하는 가장 큰 이유는 자동차사고 발생 후 할증이 반영될 때 사고점수를 차량대수로 나누어 적용된다는 장점에 있습니다. 그러나 여러 차량을 한 보험사에 가입해야 함에 따라 차량별로 저렴한 보험사를 선택해서 계약할 수 없다는 단점도 있습니다."
417,A00200,A00201,자동차보험 동일증권이란 무엇인가요?,"[요약설명]
2대 이상의 차량을 동일 보험사에 하나의 증권으로 가입하는 자동차보험을 말합니다.
[상세설명]
동일증권으로 가입 가능한 차종은 ""승용차, 경승합차, 경화물차, 4종화물차""로 제한되며, 모든 차량의 보험기간 만료일을 동일하도록 설정하여야 합니다. 동일증권으로 가입하는 가장 큰 이유는 자동차사고 발생 후 할증이 반영될 때 사고점수를 차량대수로 나누어 적용된다는 장점에 있습니다. 그러나 여러 차량을 한 보험사에 가입해야 함에 따라 차량별로 저렴한 보험사를 선택해서 계약할 수 없다는 단점도 있습니다."
418,A00200,A00204,"2년간 해외 출장을 가게 되어 자동차를 사용하지 못하는데, 자동차보험 만기시 갱신하지 않고 그냥 두면 어떻게 되나요?","[요약설명]
장기간 해외 체류로 인해 의무보험 가입이 어려운 경우, 각 자동차등록업무를 관할하는 지방자치단체장의 승인을 받아 보험가입의무를 면제받을 수 있습니다.
[상세설명]
의무보험에 가입하지 아니한 차량의 경우, 미가입 기간에 따라 과태료 처분을 받게 됩니다. 그러나 장기간 해외출장 또는 체류로 인해 보험가입이 어려운 경우 6개월 이상 2년의 범위에서 각 자동차등록업무를 관할하는 특별시장, 광역시장, 도지사, 특별자치도지사(등록업무가 시장, 군수, 구청장에게 위임된 경우에는 시장, 군수, 구청장)의 승인을 받아 운행중지기간에 한하여 보험가입의무를 면제받을 수 있고, 보험회사에는 해당 기간 잔여보험료의 반환을 청구할 수 있습니다. 다만 자동차 등록번호판은 해당 기관에 보관하여야 되고, 운행 중지기간 동안 차량을 운행하면 안되며, 위반시 100만원 이하의 과태료가 부과됩니다."
419,A00200,A00205,"계약 성립 후 차량구조 변경이 있어 설계사에게 알려 주었는데 설계사가 회사에 알리지 않은 경우, 사고가 발생하면 면책인가요?","[요약설명]
보험계약자가 차량 변경사실을 설계사가 아니라 보험회사의 직원이나 콜센터 등에 알려야 합니다.
[상세설명]
보험계약자 등은 보험기간 중 사고발생의 위험에 영향을 주는 사실이 발생하였을 때에는 이를 보험회사에 지체없이 알려야 합니다(상법 제652조 1항). 보험계약자 등이 변경 사실을 알려야 하는 대상은 보험회사이므로 보험회사의 직원이나 콜센터 등에 알려야 합니다. 보험설계사는 보험회사와 보험계약자간의 보험계약 체결을 중간에서 도와주는 역할을 하지만, 보험회사에 고용된 직원은 아닙니다. 따라서 보험설계사에게 변경 사실을 알린 것만으로 보험회사에 알린 것으로 간주되지는 않으며, 보험설계사가 그 사실을 보험회사에 전달하여야만 효과가 발생합니다."
420,A00300,A00302,도로에 1미터 정도되는 큰 포트홀이 있어 차량이 파손되었는데 도로관리청에 손해배상을 청구할 수 있나요?,"[요약설명]
통상 자동차보험의 자기차량손해로 보상을 받으시고, 보험회사에서 도로관리청에 과실비율 만큼 구상청구하게 됩니다.
[상세설명]
도로관리청은 도로를 관리함에 있어 통상의 안정성을 갖추어야 하므로, 도로관리청이 도로의 위험성에 비례해 사회통념상 일반적으로 요구되는 정도의 방호조치를 다하지 않았다면 과실비율 만큼 배상책임이 있습니다. 통상 자기차량손해 담보에 가입된 경우라면 자차사고 접수를 통해 보상을 받으시면 되며, 도로를 관리하는 정부기관의 관리책임이 있다고 판단되면 보험사가 소송 제기 등을 통해 도로관리청의 과실분에 해당하는 만큼의 차량 수리비 등을 환입하게 됩니다."
421,A00300,A00301,"근무 중 교통사고로 다쳤을 때, 산재보험과 자동차보험 중 어느 쪽으로 처리 받는 것이 더 유리한가요?","[요약설명]
중복되지 않는 항목은 추가로 지급받을 수 있으므로, 전체 금액이 많이 산출되는 보험에 먼저 청구하고 나머지 보험에 추가 청구하는 것이 효율적입니다.
[상세설명]
산재보험과 자동차보험은 그 취지와 성격이 서로 다르므로 산업재해사고와 교통사고에 동시에 해당되는 경우에는, 산재보험 수급권자이자 자동차보험 손해배상채권자인 피해자는 산재보험과 자동차보험을 모두 처리 받을 수 있습니다. 또한 먼저 처리 받은 보험에는 지급항목이 없지만 나머지 보험에서는 지급하는 항목이 있다면 이 또한 추가로 지급받을 수 있습니다. 이왕이면 전체 금액이 많이 산출되는 보험에 먼저 청구하고 나머지 보험에 일부 초과되는 항목을 추가 청구하는 것이 효율적일 것입니다."
423,A00200,A00204,자동차사고로 보상처리가 완료되지 않은 상황에서 자동차보험해지가 가능한가요?,"[요약설명]
임의보험은 언제든지 해지할 수 있으나, 책임보험은 차량이 폐차된 경우에만 해지가 가능합니다.
[상세설명]
자동차종합보험은 책임보험(의무보험)과 임의보험으로 구성되어 있습니다. 임의보험 부분(대인Ⅱ, 자손, 자차 등)은 언제든지 해지할 수 있으나, 책임보험(의무보험)은 원칙적으로 해지가 불가능합니다. 다만 자동차사고 후 차량이 폐차되면 차량을 폐차말소 등록한 이후부터는 그 차량을 더 이상 운행할 수 없는 경우이므로 책임보험도 해지가 가능합니다."
424,A00300,A00302,"제가 앞 차량을 추돌 한 후 뒤 차량이 저의 차량 뒤를 추돌하였는데, 저에게 발생한 치료비 등을 뒤 차량이 얼마나 보상해 주나요?","[요약설명]
연쇄추돌로 인한 인적 손해는 통상 양 차량이 50%로 균분하여 책임을 부담합니다.
[상세설명]
연쇄추돌의 충격으로 인한 인적 손해의 경우, 통상 2차 사고로 인하여 손해가 확대된 사정 및 그 기여도에 대한 입증이 매우 어렵기 때문에, 양 차량이 50%로 균분하여 책임을 부담하는 방식으로 보험사의 사고처리가 이루어지고 있습니다. 그러나 2차 사고의 충격으로 인하여 손해가 확대되었다거나 추가적인 손해가 발생한 사정에 대한 입증이 명백한 경우라면, 그 기여도에 따라 내부적인 분담비율이 정해질 수 있습니다."
426,A00300,A00303,자동차 사고로 차량 보상처리 할 때 차량기준가액이 제가 가입한 보험으로 처리하는 것과 상대방 보험으로 처리하는 것이 다른가요?,"[요약설명]
자차담보로 처리하는 경우에는 보험개발원이 최근 공표한 차량기준가액을 사고 당시의 차량가액으로 하는데 반해, 대물담보로 처리하는 경우에는‘중고자동차 시세’를 기준으로 합니다.
[상세설명]
자동차사고가 발생하여 보험회사에서 차량에 대한 수리비를 지급할 경우, 그 수리비는 차량가액을 한도로 지급합니다. 다만 자차담보로 처리하는 경우에는 보험개발원이 최근 공표한 차량기준가액을 사고 당시의 차량가액으로 하는데 반해, 대물담보로 처리하는 경우에는‘중고자동차 시세’를 기준으로 합니다. 이는 자차담보는 본인이 가입한 재물손해보험이므로 가입시 보험료 산출의 기준이 된 보험개발원 공표가액을 기준으로 하고, 대물담보는 배상책임보험이므로 상대방 차량의 실제 손해를 기준으로 하기 때문입니다."
426,A00300,A00304,자동차 사고로 차량 보상처리 할 때 차량기준가액이 제가 가입한 보험으로 처리하는 것과 상대방 보험으로 처리하는 것이 다른가요?,"[요약설명]
자차담보로 처리하는 경우에는 보험개발원이 최근 공표한 차량기준가액을 사고 당시의 차량가액으로 하는데 반해, 대물담보로 처리하는 경우에는‘중고자동차 시세’를 기준으로 합니다.
[상세설명]
자동차사고가 발생하여 보험회사에서 차량에 대한 수리비를 지급할 경우, 그 수리비는 차량가액을 한도로 지급합니다. 다만 자차담보로 처리하는 경우에는 보험개발원이 최근 공표한 차량기준가액을 사고 당시의 차량가액으로 하는데 반해, 대물담보로 처리하는 경우에는‘중고자동차 시세’를 기준으로 합니다. 이는 자차담보는 본인이 가입한 재물손해보험이므로 가입시 보험료 산출의 기준이 된 보험개발원 공표가액을 기준으로 하고, 대물담보는 배상책임보험이므로 상대방 차량의 실제 손해를 기준으로 하기 때문입니다."
